{
    "rmse": 0.6637313187468542,
    "mae": 0.5321688717656767,
    "r2": 0.2977705389024149
}