{
    "rmse": 0.6971764355073327,
    "mae": 0.5568378517056699,
    "r2": 0.2375608121933963
}